id,type
dbgcvew,comment
dbgcve1,comment
dbgcvdo,comment
dbgcvdd,comment
dbgcvh7,comment
dbgcvgn,comment
dbgcvgl,comment
dbgcvg4,comment
dbgcvhl,comment
dbgcvhk,comment
dbgcvk5,comment
dbgcvk1,comment
dbgcvjx,comment
dbgcvjv,comment
dbgcvl9,comment
dbgcvl7,comment
dbgcvkz,comment
dbgcvkv,comment
dbgcvmp,comment
dbgcvmn,comment
dbgcvma,comment
dbgcvlu,comment
dbgcvo4,comment
dbgcvnz,comment
dbgcvnf,comment
dbgcvmw,comment
dbgcvpe,comment
dbgcvp1,comment
dbgcvrh,comment
dbgcvrf,comment
dbgcvre,comment
dbgcvrb,comment
dbgcvqw,comment
dbgcvs4,comment
dbgcvs1,comment
dbgcvva,comment
dbgcvv9,comment
dbgcvuv,comment
dbgcvum,comment
dbgcvwz,comment
dbgcvxj,comment
dbgcvxa,comment
dbgcvx4,comment
dbgcvzl,comment
dbgcvz7,comment
dbgcvz0,comment
dbgcvyk,comment
dbgcw17,comment
dbgcw12,comment
dbgcw0u,comment
dbgcw0s,comment
dbgcw0j,comment
dbgcw2d,comment
dbgcw1r,comment
dbgcw3u,comment
dbgcw3l,comment
dbgcw3i,comment
dbgcw30,comment
dbgcw50,comment
dbgcw4y,comment
dbgcwbk,comment
dbgcwb9,comment
dbgcwb7,comment
dbgcwae,comment
dbgcwab,comment
dbgcwbo,comment
dbgcwee,comment
dbgcwdi,comment
dbgcwcy,comment
dbgcwcu,comment
dbgcwcq,comment
dbgcwfh,comment
dbgcwf4,comment
dbgcwf0,comment
dbgcwen,comment
dbgcwuu,comment
dbgcwub,comment
dbgcwtw,comment
dbgcwti,comment
dbgcwtf,comment
dbgcwxl,comment
dbgcwww,comment
dbgcwwg,comment
dbgcww2,comment
dbgcwzq,comment
dbgcwzk,comment
dbgcwz8,comment
dbgcwyk,comment
dbgcwyd,comment
dbgcx1t,comment
dbgcx1m,comment
dbgcx1l,comment
dbgcx1g,comment
dbgcx12,comment
dbgcx7b,comment
dbgcx6p,comment
dbgcx6j,comment
dbgcx68,comment
dbgcx5m,comment
dbgcxfz,comment
dbgcxft,comment
dbgcxfr,comment
dbgcxeu,comment
dbgcxen,comment
dbgcxib,comment
dbgcxho,comment
dbgcxgm,comment
dbgcxgl,comment
dbgcxj4,comment
dbgcxik,comment
dbgcxif,comment
dbgcxl8,comment
dbgcxkg,comment
dbgcxk9,comment
dbgcxk2,comment
dbgcxjw,comment
dbgcxq9,comment
dbgcxq5,comment
dbgcxq1,comment
dbgcxpy,comment
dbgcxrl,comment
dbgcxrh,comment
dbgcxrg,comment
dbgcxre,comment
dbgcxr8,comment
dbgcxsj,comment
dbgcxsi,comment
dbgcxsg,comment
dbgcxuc,comment
dbgcxua,comment
dbgcxtt,comment
dbgcxtq,comment
dbgcxw2,comment
dbgcxvz,comment
dbgcxvv,comment
dbgcxvq,comment
dbgcxvh,comment
dbgcxwp,comment
dbgcxwo,comment
dbgcxwa,comment
dbgcxyj,comment
dbgcxyb,comment
dbgcxyd,comment
dbgcxy1,comment
dbgcxxp,comment
dbgcxz1,comment
dbgcy20,comment
dbgcy13,comment
dbgcy12,comment
dbgcy0y,comment
dbgcxzv,comment
dbgcy30,comment
dbgcy22,comment
dbgcy4r,comment
dbgcy4n,comment
dbgcy4f,comment
dbgcy3y,comment
dbgcy3v,comment
dbgcy5b,comment
dbgcy72,comment
dbgcy67,comment
dbgcy63,comment
dbgcy8s,comment
dbgcy8m,comment
dbgcy8f,comment
dbgcy8e,comment
dbgcy7v,comment
dbgcy9m,comment
dbgcy97,comment
dbgcy8z,comment
dbgcybo,comment
dbgcyb6,comment
dbgcyb1,comment
dbgcyay,comment
dbgcyau,comment
